{"type": "block", "layer": 1, "block": 1, "features": [{"geom": {"lines": [[-528.1812570467591, -480.3584533110261, 620.0, -556.990741264075, -488.95441731251776, 620.3733825683594, -591.633366798982, -488.37229815497994, 621.8662261962891, -623.8714913334697, -477.6224898658693, 620.0, -663.2897230219096, -438.79499011673033, 620.0, -704.4890665635467, -394.0102072414011, 621.4744186401367, -724.348463723436, -380.54367536399513, 627.8968048095703]]}, "mtl": {"idx": 0}}, {"geom": {"lines": [[-1424.8931512329727, -881.9331307522953, 600.1711273193359, -1504.6980941817164, -924.8912366414443, 601.0078811645508, -1582.9223003648221, -964.8998827477917, 567.2659301757812, -1608.0025816392154, -992.9756624912843, 576.6563034057617, -1640.6146620828658, -1006.0040753902867, 580.7604598999023]]}, "mtl": {"idx": 0}}], "featureCount": 2, "startIndex": 50}